user_id,name,mail,mobile,nric
1,Ebonee De Filippis,ede0@posterous.com,3022104268,X1895885Y
2,Lidia Fairburn,lfairburn1@1688.com,7395144605,C3482263B
3,Leland Twyford,ltwyford2@amazon.co.jp,5093423870,Q6120201D
4,Andrey Arunowicz,aarunowicz3@dmoz.org,3293859102,E7520522K
5,Rem Smethurst,rsmethurst4@cnet.com,7894296618,F6735202I
6,Glori Nisen,gnisen5@shutterfly.com,5995274960,M8717227O
7,Micky Foynes,mfoynes6@canalblog.com,2059125262,A9824330X
8,Stanislas Redrup,sredrup7@prweb.com,3805416270,D7187200H
9,Crissie Metzig,cmetzig8@1688.com,6335183022,W6652979F
10,Kay Lathwell,klathwell9@yahoo.com,8684252117,T7130778O
11,Brittne Graine,bgrainea@yellowpages.com,9328239979,H9505179G
12,Vilhelmina De Dantesie,vdeb@storify.com,8384467506,U4757031C
13,Esta Bocking,ebockingc@wufoo.com,7951234349,O2608454Z
14,Kaleb Pendlebery,kpendleberyd@hhs.gov,7141101926,V9447916Z
15,Manda Stirton,mstirtone@addthis.com,2719691076,B4685168J
16,Tabbie Sterte,tstertef@arizona.edu,9835666855,B6827533M
17,Ced Hubbucke,chubbuckeg@amazon.co.uk,4966965996,P7428042P
18,Evyn Levey,eleveyh@washington.edu,6618282095,V0559639H
19,Hammad Aaronson,haaronsoni@multiply.com,6692061212,R3131288D
20,Montague Dackombe,mdackombej@rambler.ru,9205969591,U6624808C
21,Emily Scone,esconek@tiny.cc,3998710825,U8397626I
22,Davita Clawsley,dclawsleyl@constantcontact.com,3852251421,I6142255R
23,Ari Canepe,acanepem@bigcartel.com,6853168325,T3315309T
24,Gustav Phythian,gphythiann@dot.gov,9649882517,T9762734D
25,Chance Loyley,cloyleyo@php.net,8121608446,I2227026C
26,Patti Guyot,pguyotp@drupal.org,7926868958,B8983706J
27,Drake McGann,dmcgannq@springer.com,8987599342,E5354132I
28,Ambrosi Pulford,apulfordr@surveymonkey.com,8531352673,V7877203I
29,Eduardo Killingsworth,ekillingsworths@github.com,2214133398,Y5981686Q
30,Ruthi Cowins,rcowinst@aboutads.info,2478192296,U0045364X
31,Roxie Portlock,rportlocku@tiny.cc,4296991944,E7846645T
32,Tybalt Corneille,tcorneillev@nationalgeographic.com,9068239097,U2016704C
33,Sibyl Filipic,sfilipicw@fotki.com,7018550871,S0068596P
34,Ardelis Blagbrough,ablagbroughx@wp.com,6825202489,N9616289M
35,Ludwig Tootal,ltootaly@abc.net.au,9696298162,Y7413286E
36,Vernon Dorrian,vdorrianz@who.int,9224256504,V3624228B
37,Elke Carlsen,ecarlsen10@buzzfeed.com,2183977580,T5744530N
38,Reube Guare,rguare11@seesaa.net,1043692388,R8365116Y
39,Eddy Durden,edurden12@examiner.com,5481665172,B0002181C
40,Corrie Doley,cdoley13@alexa.com,7601098271,D6877366M
41,Karee Furlonge,kfurlonge14@mtv.com,9274960616,O4140023N
42,Milena Spacy,mspacy15@walmart.com,4721919563,W4318995Z
43,Hill McCluskey,hmccluskey16@zimbio.com,9499780536,O0817915L
44,Odelinda McKane,omckane17@alexa.com,8381533148,N9981612X
45,Adelind Booty,abooty18@google.co.jp,6666987004,Z7013176S
46,Zelda Daltry,zdaltry19@t-online.de,3816727818,T5076081T
47,Klaus Bletcher,kbletcher1a@wikispaces.com,3381425500,A6766233Y
48,Stanfield Ivell,sivell1b@desdev.cn,6089565067,A2302819L
49,Karrie Clail,kclail1c@fastcompany.com,6375330881,N6509480V
50,Andrey Linsey,alinsey1d@twitpic.com,8921152739,I7759898E
51,Annnora Le Friec,ale1e@example.com,8551211660,S2226015D
52,Kellia Curnnok,kcurnnok1f@godaddy.com,2171940981,H5482541B
53,Lynsey Shoutt,lshoutt1g@wix.com,2389828124,C0763307L
54,Rorke Slimm,rslimm1h@mlb.com,5792798935,G4388899H
55,Ugo Kobiera,ukobiera1i@cbc.ca,7382859142,B6369125P
56,Joete Harnwell,jharnwell1j@xinhuanet.com,6257594696,I0692092P
57,Lyssa Milleton,lmilleton1k@bigcartel.com,6379969632,G4725298F
58,Jordanna Parres,jparres1l@nature.com,7769594200,N5749438L
59,Dacy Dunckley,ddunckley1m@sogou.com,2264016195,B2312380J
60,Joane LAbbet,jlabbet1n@wunderground.com,8778962971,J0611317D
61,Phylys Tarply,ptarply1o@printfriendly.com,1236366051,R9289137C
62,Wayland Lankford,wlankford1p@cafepress.com,1528816898,I6714900M
63,Zara Reagan,zreagan1q@e-recht24.de,7391185856,U3075393F
64,Kathlin Letchford,kletchford1r@npr.org,9388544380,F4030959N
65,Sancho MacGillreich,smacgillreich1s@constantcontact.com,3255083059,I6797537O
66,Garek Boyet,gboyet1t@blinklist.com,1384696763,J8614701L
67,Fernanda Whiterod,fwhiterod1u@cloudflare.com,6355124381,C2534056G
68,Louisette Apfel,lapfel1v@nba.com,4082250888,G0259714B
69,Arlina Bernucci,abernucci1w@slideshare.net,6224473980,S8197993X
70,Woodman Gadault,wgadault1x@yahoo.com,4214033258,Z4308108T
71,Arabel Dikle,adikle1y@usda.gov,4865973953,O4265497F
72,Chester Stovine,cstovine1z@upenn.edu,9728817426,G8616061D
73,Kory Robke,krobke20@hao123.com,8574948469,K4018047R
74,Kennan Roiz,kroiz21@imgur.com,3413906996,K7922635K
75,Caressa Timbs,ctimbs22@samsung.com,1955193867,K1239812Q
76,Nikolia Tierney,ntierney23@icio.us,5138252199,J9861376T
77,Darb Januszewicz,djanuszewicz24@linkedin.com,7921298507,Y8415861H
78,Keelia Dussy,kdussy25@columbia.edu,6023381969,H0600884H
79,Aurthur O' Bee,ao26@imdb.com,6343479002,C5610343U
80,Raddy Puddifer,rpuddifer27@freewebs.com,1896005911,O4318662Z
81,Lev Loding,lloding28@liveinternet.ru,9228679337,E8241807I
82,Kaspar Fayerman,kfayerman29@bbb.org,8193121434,V3664095Z
83,Haskell de Villier,hde2a@state.tx.us,2405235398,V9266512Q
84,Ailbert Francescuccio,afrancescuccio2b@de.vu,9056123730,F7845610Z
85,Tammara Pretley,tpretley2c@webs.com,2164016187,C2839689N
86,Ring Verring,rverring2d@netlog.com,1144380946,Y8817622L
87,Darleen Bownass,dbownass2e@cloudflare.com,3252650065,Q2325083R
88,Baldwin Vollam,bvollam2f@geocities.jp,6892838279,K4611588Y
89,Daryn Rosborough,drosborough2g@apache.org,8852873484,X0916746X
90,Milissent Vinall,mvinall2h@issuu.com,2395491458,T6718703H
91,Hester Manicomb,hmanicomb2i@sbwire.com,2058049920,T8226958F
92,Kurtis Woodsford,kwoodsford2j@unc.edu,3487038996,I8185076J
93,Teressa Meddemmen,tmeddemmen2k@lycos.com,6403866374,Z0111987G
94,Amara Croan,acroan2l@dropbox.com,4882792307,I2358797X
95,Claresta Spinney,cspinney2m@networkadvertising.org,1138943850,Y9196133N
96,Terrye Winram,twinram2n@barnesandnoble.com,5639882346,Q6100958G
97,Rob Flattman,rflattman2o@geocities.com,5326589831,M0475964O
98,Henderson Sitlington,hsitlington2p@mashable.com,3172248711,U2645864S
99,Janessa Fahey,jfahey2q@histats.com,4758220992,D9762915M
100,Belvia Poulsen,bpoulsen2r@gov.uk,7306237069,Q1876526Q
101,Elsy Riddich,eriddich2s@aol.com,9641387777,W7402350J
102,Tonia Tresise,ttresise2t@amazon.co.uk,1804669480,B1958734R
103,Waylen Napoli,wnapoli2u@desdev.cn,7706416597,X9145995D
104,Chandler Meredyth,cmeredyth2v@desdev.cn,1064004136,P9860705W
105,Darn Tessier,dtessier2w@xinhuanet.com,6169694440,Q4780461H
106,Griz Swainsbury,gswainsbury2x@cbc.ca,1838760495,Y1297040V
107,Elysia Keerl,ekeerl2y@amazon.co.uk,8877433685,E3235738W
108,Olly Lett,olett2z@google.es,8144146627,K9680169Q
109,Nicola Goadbie,ngoadbie30@ucla.edu,4491750191,Y7631296Y
110,Astrid Risely,arisely31@engadget.com,8292277446,K0604211W
111,Brynna Knibb,bknibb32@nationalgeographic.com,5018895962,P2958084F
112,Jarrett Postance,jpostance33@ucsd.edu,7066573795,K2525295V
113,Toby Gilberthorpe,tgilberthorpe34@infoseek.co.jp,2058911013,E0798910F
114,Haywood Redfern,hredfern35@soup.io,3565035466,I0051942I
115,Mendel Jenteau,mjenteau36@disqus.com,3669842479,J4589823W
116,Melisenda Esch,mesch37@wikipedia.org,6304659454,S2631880J
117,Glenn Neachell,gneachell38@printfriendly.com,7362874944,K6196102G
118,Fernandina Gehring,fgehring39@jalbum.net,5581121553,W8502911O
119,L;urette Toler,ltoler3a@nsw.gov.au,6007768078,L2889829X
120,Rory Stephens,rstephens3b@admin.ch,4892574745,Z0097716G
121,Rossie Skentelbery,rskentelbery3c@typepad.com,5906221397,T7337067U
122,Jillana Grund,jgrund3d@microsoft.com,5327003750,C9539271D
123,Pavel Minchenton,pminchenton3e@scribd.com,4558247078,B3448509X
124,Zerk Feathers,zfeathers3f@blogtalkradio.com,7391914664,Z7846900Q
125,Dasi Jozef,djozef3g@wordpress.org,6824442293,B2588252W
126,Francisca Simpkins,fsimpkins3h@unblog.fr,7508454809,R7345969O
127,Talbert Bilovsky,tbilovsky3i@java.com,4231580973,L3626674O
128,Caesar Cammish,ccammish3j@foxnews.com,8617229362,O1007227T
129,Tarah Innocenti,tinnocenti3k@xinhuanet.com,2685804823,F8200883Z
130,Dacie Worsfield,dworsfield3l@time.com,7429122204,B3392466B
131,Adam Labbez,alabbez3m@geocities.jp,8955114907,A5948497D
132,Roderic Kenward,rkenward3n@globo.com,5911786204,A8777075J
133,Faye Sundin,fsundin3o@smugmug.com,8736977922,T4115672B
134,Neils Mc Pake,nmc3p@cloudflare.com,2371308296,F3560396N
135,Elijah Ravens,eravens3q@scribd.com,9991273913,G6466390D
136,Ninon Holehouse,nholehouse3r@springer.com,2101473007,J4853675C
137,Joela Nixon,jnixon3s@hc360.com,6425197398,P3262039B
138,Abran Chastel,achastel3t@t-online.de,6539466982,I3497351Q
139,Maynord Scobbie,mscobbie3u@illinois.edu,1138043553,C4828605U
140,Kyle Laffling,klaffling3v@canalblog.com,8701942763,N9514909A
141,Kristina Bonnier,kbonnier3w@google.ru,9394791785,U5846876Q
142,Benoit Nuzzetti,bnuzzetti3x@naver.com,2392303689,N7471643I
143,Laryssa Mowsdale,lmowsdale3y@tamu.edu,2654733731,G6879077W
144,Berri Kenen,bkenen3z@irs.gov,4924071508,U0678384W
145,Roman Ogelsby,rogelsby40@yale.edu,5359643767,J4196877O
146,Cord Mendez,cmendez41@tiny.cc,9628750862,J8634573I
147,Saraann Mc Ilory,smc42@a8.net,7813912897,R1863268K
148,Polly Drinkel,pdrinkel43@github.io,8751608130,P4328324R
149,Heidi Wandrack,hwandrack44@sohu.com,1929714700,L6175385W
150,Vilhelmina Hantusch,vhantusch45@amazon.co.uk,2993325878,N6378399N
151,Stavro Rawstorn,srawstorn46@google.it,7497594800,E0509564N
152,Ermanno Durram,edurram47@prlog.org,7387681568,K6569861R
153,Huntington Rogeon,hrogeon48@opera.com,8441651108,H4453589Z
154,Francklin Ashe,fashe49@netvibes.com,2291726540,E7602952S
155,Reeva Tennick,rtennick4a@fema.gov,2087716864,K2871333M
156,Aurore Lillicrap,alillicrap4b@bandcamp.com,1366434661,R1895272D
157,Rhodie Berk,rberk4c@harvard.edu,5275250275,J2380479A
158,Eartha Perl,eperl4d@google.de,9058071887,R8385785X
159,Haley Baitey,hbaitey4e@istockphoto.com,9377114786,J0106675H
160,Nonna Olford,nolford4f@china.com.cn,7655245605,N9627834F
161,Izaak Immer,iimmer4g@cpanel.net,7545697806,U5617341C
162,Jewell Gyse,jgyse4h@unesco.org,2542042842,L0619881R
163,Shana Chevins,schevins4i@flavors.me,4187381747,Q3776658X
164,Nevsa Gallihawk,ngallihawk4j@seattletimes.com,8833816900,O3402245S
165,Fionna Golightly,fgolightly4k@comsenz.com,1332689541,A7232392K
166,Cthrine Matresse,cmatresse4l@youtube.com,5151933635,W2292119O
167,Myer Jackways,mjackways4m@paginegialle.it,1701077278,K8208550P
168,Ernestus Downie,edownie4n@bravesites.com,1532552548,S1881585U
169,Gabby Driuzzi,gdriuzzi4o@ebay.co.uk,8391487706,Y6914892M
170,Vitia Stovine,vstovine4p@businesswire.com,9913717271,M0234337T
171,Thayne Grosvenor,tgrosvenor4q@instagram.com,9588563161,K1389686K
172,Alicea Van de Vlies,avan4r@globo.com,7793845814,Z3794914Q
173,Ravi Gitsham,rgitsham4s@microsoft.com,5584929131,D0029116V
174,Raychel Bernath,rbernath4t@nydailynews.com,9344825876,B0222518P
175,Jakob Bynert,jbynert4u@chicagotribune.com,2748765672,R4621723H
176,Lillis Beechcraft,lbeechcraft4v@addtoany.com,3573223362,X9001982B
177,Brandais Aery,baery4w@imdb.com,3899493147,R0605878A
178,Patten Lyosik,plyosik4x@imgur.com,2598018124,N4746752G
179,Denise Berrick,dberrick4y@booking.com,7439036859,T9392394K
180,Benjie Pretsel,bpretsel4z@tripod.com,7379002986,T3916243M
181,Tiebold Drieu,tdrieu50@usnews.com,6381801021,A3414875K
182,Reeba Ludlow,rludlow51@clickbank.net,9911378054,X0262202E
183,Freemon Banishevitz,fbanishevitz52@forbes.com,8291494411,P2335576G
184,Loleta Crackel,lcrackel53@blogs.com,8905338328,A5885653J
185,Bendix Wordsworth,bwordsworth54@hatena.ne.jp,8657186272,R5920931B
186,Marge Dytham,mdytham55@bloomberg.com,8758993525,G1405592X
187,Tildy Vel,tvel56@de.vu,6699276543,Z0696437Y
188,Chiquia Cottie,ccottie57@businessinsider.com,6054485586,Z4982906F
189,Verena Dando,vdando58@vinaora.com,1414049725,N9125077X
190,Barton Hayhoe,bhayhoe59@va.gov,5433693609,G2977623X
191,Giacomo Mulroy,gmulroy5a@bizjournals.com,2154610946,E9658839S
192,Jonas Sidlow,jsidlow5b@clickbank.net,6782365339,S9477059G
193,Cullen Kamena,ckamena5c@sina.com.cn,3359385070,R9218965U
194,Hilde Danher,hdanher5d@list-manage.com,8483348114,U4179582P
195,Ann Kingswood,akingswood5e@answers.com,8659665658,M6689138L
196,Emmet Charopen,echaropen5f@mayoclinic.com,9946530584,J6497593M
197,Ethelda Gaishson,egaishson5g@oracle.com,6768537538,V2692501A
198,Veriee Kiendl,vkiendl5h@github.io,9008225597,E6774509Q
199,Lida Alenichicov,lalenichicov5i@ucoz.com,5338497043,G1524714Y
200,Mateo Delacoste,mdelacoste5j@businessinsider.com,7285472935,D1477887M
201,Imelda Nardoni,inardoni5k@tumblr.com,8726051858,Z1395890W
202,Sidonnie Spick,sspick5l@prweb.com,8184415995,C0728711Q
203,Skipper Piolli,spiolli5m@epa.gov,1525172958,E2790117V
204,Marnie Youde,myoude5n@google.ru,2949013425,O8137396L
205,Bale Girodon,bgirodon5o@seattletimes.com,6034056822,I7453908K
206,Muffin Atkyns,matkyns5p@cnet.com,7707477725,W8884176J
207,Audrie Boreham,aboreham5q@nba.com,3128454658,C5845472J
208,Morena Lawtey,mlawtey5r@about.com,5033214195,A4924760L
209,Olympie Carwithen,ocarwithen5s@123-reg.co.uk,8692222429,Y1446686J
210,Sidney Westmoreland,swestmoreland5t@hhs.gov,7145748429,N3049421X
211,Reeba Neno,rneno5u@google.ca,4338848335,U2568559G
212,Garrick Bottomley,gbottomley5v@i2i.jp,8703164471,B0488270C
213,Marianne Brunelleschi,mbrunelleschi5w@webs.com,5574162027,T6215790A
214,Laureen Dulson,ldulson5x@bravesites.com,5507114706,P9986524J
215,Pippo Humble,phumble5y@upenn.edu,8834233146,Z6477741E
216,Enrichetta Kohnen,ekohnen5z@nhs.uk,6302831691,Z8557055N
217,Husein Demetr,hdemetr60@blog.com,2325458834,F2865338I
218,Maximo Banham,mbanham61@disqus.com,6673861828,N2791857A
219,Noella Cecchetelli,ncecchetelli62@blog.com,6835326192,K1018507K
220,Lorilyn McAuslene,lmcauslene63@hostgator.com,4173945892,T9478528T
221,Ethelred Wapplington,ewapplington64@reddit.com,9196995341,E5244323A
222,Lucky Osorio,losorio65@sun.com,8054629429,M9851834T
223,Arlana Moynham,amoynham66@sphinn.com,8771260223,Z9039317Q
224,Urbano Guillon,uguillon67@whitehouse.gov,1712667393,V4422157C
225,Harmony Dunnan,hdunnan68@yelp.com,5764808175,B0745994D
226,Ilise Pick,ipick69@nationalgeographic.com,5804345045,R9907382F
227,Mendie Meier,mmeier6a@weather.com,5179241900,D2273926B
228,Suzanna Headrick,sheadrick6b@businesswire.com,2225962664,R5678324Q
229,Sharline Scrase,sscrase6c@ovh.net,3839967486,G2090869Q
230,Ninnette Kemston,nkemston6d@chicagotribune.com,3201440144,R0255826K
231,Edie Ugo,eugo6e@gov.uk,9324644424,R7606348D
232,Latisha Fray,lfray6f@weebly.com,1621646169,L5418277G
233,Cosette Crystal,ccrystal6g@msu.edu,1801506599,E7373828P
234,Kassey Becerro,kbecerro6h@state.gov,3839869463,W0113243N
235,Lock McKee,lmckee6i@elpais.com,2223893480,X6493433Y
236,Tallulah Ellam,tellam6j@blog.com,9204527738,E2930706C
237,Gabie Harteley,gharteley6k@mozilla.com,2067479573,V6351500G
238,Aaren Walne,awalne6l@tamu.edu,5041681301,Y8134119X
239,Ralph Pierrepoint,rpierrepoint6m@vimeo.com,8106708294,F7501560L
240,Norrie Aspinal,naspinal6n@columbia.edu,9444299461,U0241910Z
241,Chicky Terran,cterran6o@statcounter.com,5262374801,W5104897W
242,Alfy Montez,amontez6p@blinklist.com,9182918816,R9385062O
243,Kaleb Stuehmeyer,kstuehmeyer6q@amazon.com,7968038625,E8872566U
244,Harmonie Kirkhouse,hkirkhouse6r@1und1.de,8839774875,O5544801S
245,Margi Acutt,macutt6s@qq.com,8731298756,V6583451C
246,Fancie Trott,ftrott6t@usda.gov,9346957767,V7456978B
247,Orren Fourman,ofourman6u@loc.gov,5978271114,B5284074K
248,Vladamir Ritson,vritson6v@cocolog-nifty.com,4614984437,F3001214L
249,Coralyn Fellow,cfellow6w@ustream.tv,1479453494,E8226495L
250,Briano Paulack,bpaulack6x@loc.gov,4694941312,V1019569G
251,Kain Taffarello,ktaffarello6y@google.co.uk,6287153497,E0591057A
252,Norma Dumphreys,ndumphreys6z@earthlink.net,8817165217,N9548024Y
253,Atlante Pamplin,apamplin70@yandex.ru,8341121057,Z9632028I
254,Rochella Greenhow,rgreenhow71@hibu.com,1063095951,L3240372X
255,Teodorico O'Gorman,togorman72@cnbc.com,8908973041,N4407812G
256,Hasty Glasebrook,hglasebrook73@eepurl.com,9081491010,G2989357M
257,Merrili McDonell,mmcdonell74@unesco.org,5445407117,K1522383T
258,Flor Fendley,ffendley75@geocities.jp,5336226372,P3660522A
259,Cherianne Lorincz,clorincz76@sphinn.com,8775677276,M2786393D
260,Ethyl Kenrat,ekenrat77@clickbank.net,1121608623,I2126563P
261,Joshua Radden,jradden78@homestead.com,8833773663,P2532124Z
262,Cal Insall,cinsall79@dot.gov,6984283888,X1024490H
263,Harmonia Linde,hlinde7a@google.co.uk,7344142344,K5570034X
264,Selle Guilayn,sguilayn7b@ucla.edu,7734298920,I0855604P
265,Donica Brittles,dbrittles7c@who.int,3706278865,Y5622015B
266,Jolene Strewther,jstrewther7d@theatlantic.com,6329484230,K6985052Z
267,Roland Phelip,rphelip7e@about.com,9759344206,P4627913S
268,Rutledge Turk,rturk7f@quantcast.com,9905088495,H8543652U
269,Camella Ceeley,cceeley7g@dedecms.com,5954841942,Z4408423Z
270,Juana Leyes,jleyes7h@blinklist.com,1289164635,W4101623P
271,Callean Darwent,cdarwent7i@blinklist.com,2467032116,Q3208083M
272,Jule Densham,jdensham7j@hugedomains.com,4201564659,H8056882U
273,Daisi Beausang,dbeausang7k@chronoengine.com,7552431137,Q9586301I
274,Lazaro Boak,lboak7l@google.cn,5512589812,D0517469W
275,Ninetta Glamart,nglamart7m@discovery.com,2194925462,L2717623G
276,Zia MacCarlich,zmaccarlich7n@timesonline.co.uk,1749681659,G2918119O
277,Harriet Glidder,hglidder7o@hubpages.com,2051000821,C6747391A
278,Beulah Okker,bokker7p@noaa.gov,4125373071,Y0752389P
279,Stewart Sholem,ssholem7q@imdb.com,4301177154,Q6853586D
280,Carey Keywood,ckeywood7r@skyrock.com,7027948805,L8972907S
281,Willis MacMeanma,wmacmeanma7s@foxnews.com,1101089725,Y1675047W
282,Verena Barfield,vbarfield7t@nhs.uk,6244952740,W8608783Q
283,Zebulon Feldmann,zfeldmann7u@ed.gov,3955951924,X4531088V
284,Alena Pay,apay7v@liveinternet.ru,9295356087,Q9571674D
285,Wolfie Dillimore,wdillimore7w@usda.gov,8471093624,X0960936Q
286,Foss Strangwood,fstrangwood7x@topsy.com,4414671460,U8248391F
287,Vikky Sheryn,vsheryn7y@fastcompany.com,8409123265,U1674871D
288,Joann Lemary,jlemary7z@imgur.com,2212042946,I0092529B
289,Candide Hartell,chartell80@example.com,4272170103,D1266097D
290,Demott Haward,dhaward81@wordpress.org,1962475211,J8008438M
291,Doll Lake,dlake82@mysql.com,1812702637,A4951499A
292,Arlinda MacDermott,amacdermott83@goo.gl,5375211829,S2917286A
293,Dana Parrish,dparrish84@vinaora.com,4461427371,H1341872B
294,Hubie Bentje,hbentje85@cafepress.com,6847721009,Z0261567K
295,Bealle Saph,bsaph86@time.com,2889777634,I4677931L
296,Thorin Jenno,tjenno87@dyndns.org,6749120816,A7100293Q
297,Guilbert Govinlock,ggovinlock88@soup.io,6409200652,C9657874L
298,Susi Pollington,spollington89@umn.edu,9809321019,O6113743I
299,Marissa Jamary,mjamary8a@ca.gov,4969704688,R1160838T
300,Galven Bramwich,gbramwich8b@jigsy.com,9726359101,R4331746N
301,Lynett Kleanthous,lkleanthous8c@ning.com,7312189591,Z6526817L
302,Chelsea Brimacombe,cbrimacombe8d@yellowbook.com,3849039701,N3120366J
303,Brian Le Lievre,ble8e@home.pl,8282602778,Z3604571R
304,Silvio Dornan,sdornan8f@msu.edu,1395787273,P2207702F
305,Ara Boag,aboag8g@hatena.ne.jp,2826197075,F6407193L
306,Julee MacGhee,jmacghee8h@fotki.com,5794729981,Q6350351O
307,Ellery Minchella,eminchella8i@yelp.com,1207505503,M6359590M
308,Lonnie Edlyne,ledlyne8j@yolasite.com,7194782603,V2617750W
309,Fania Ummfrey,fummfrey8k@mozilla.com,8636400591,J3634800Z
310,Stoddard Thatcham,sthatcham8l@cdc.gov,3521318428,Q7676112O
311,Hillary Jewiss,hjewiss8m@icio.us,8738529524,J4598556Z
312,Gavin Loukes,gloukes8n@wikispaces.com,3844383008,R1012192V
313,Ad Wardell,awardell8o@mayoclinic.com,4868293094,P6416435B
314,Milissent Russilll,mrussilll8p@ibm.com,9298878901,Y9944638Y
315,Heinrik Haxby,hhaxby8q@php.net,9943384249,Q6185546U
316,Bartlett Wanjek,bwanjek8r@umich.edu,6472917518,D4195690Q
317,Laryssa Laurenson,llaurenson8s@yale.edu,7228903889,X2312877Q
318,Giacopo Beechcraft,gbeechcraft8t@elegantthemes.com,3234030421,I4968933Q
319,Ginnie Ficken,gficken8u@businessinsider.com,7007672366,D6084516W
320,Lanni Bissiker,lbissiker8v@ucsd.edu,5303307566,Z0122407Z
321,Nappy Argo,nargo8w@guardian.co.uk,2775077912,Y8407931G
322,Natalee Dwelly,ndwelly8x@cornell.edu,6582334414,D1168494B
323,Creigh Benneyworth,cbenneyworth8y@cyberchimps.com,4809713507,B7210334Q
324,Ronnie Ondrusek,rondrusek8z@eventbrite.com,8728870901,D1345913C
325,Link Ughelli,lughelli90@nyu.edu,8732970454,J6005568J
326,Seth Hardwicke,shardwicke91@gmpg.org,7764004025,A5221940K
327,Jackie Serjent,jserjent92@who.int,5508544038,F3664924S
328,Sean Blunsum,sblunsum93@xinhuanet.com,6355892210,S0132405R
329,Cornell Aves,caves94@google.com.au,2626550655,S9536488S
330,Essie McDavid,emcdavid95@noaa.gov,8801764825,G9716561W
331,Cort Domm,cdomm96@msn.com,7053140014,F6547034H
332,Alina Frankel,afrankel97@youtu.be,7384239314,H2415629I
333,Abner Mandre,amandre98@123-reg.co.uk,3937692062,V2287467R
334,Archambault Tzarkov,atzarkov99@tinypic.com,4506542460,O5118841E
335,Moishe Cloke,mcloke9a@vk.com,3412041182,G2024218T
336,Willis Trusse,wtrusse9b@mozilla.org,1953181912,G4969449B
337,Erastus Gerhardt,egerhardt9c@walmart.com,4182107267,E4340679D
338,Claudius Matushenko,cmatushenko9d@multiply.com,2834996564,U4070069S
339,Kane Vlasyuk,kvlasyuk9e@blogspot.com,6636647464,Y7754076I
340,Tremaine Worpole,tworpole9f@newsvine.com,2698972411,W7938428A
341,Hodge Print,hprint9g@earthlink.net,5246600675,K8125448D
342,Goldi Papis,gpapis9h@163.com,4566261819,H7762370S
343,Kaleena Tanzer,ktanzer9i@blog.com,6274235729,Z6421239V
344,Nydia Olenichev,nolenichev9j@artisteer.com,8804296916,Q2982166P
345,Chuck Ricciardo,cricciardo9k@simplemachines.org,8205369753,B8409403S
346,Toddie Tantum,ttantum9l@jimdo.com,8409760187,J0687122L
347,Lawry Gozzard,lgozzard9m@gmpg.org,4443123429,O7167537A
348,Barbie Copper,bcopper9n@eventbrite.com,5853937718,Q9969538U
349,Lynnell McEachern,lmceachern9o@sina.com.cn,6492461890,J4885494N
350,Tabb Menure,tmenure9p@dyndns.org,2951955493,F9695922E
351,Lorianna Hubball,lhubball9q@nba.com,5134322156,F1889892B
352,Michelle Fencott,mfencott9r@arizona.edu,3914102034,N5224382G
353,Sukey Wethey,swethey9s@opera.com,9107976313,R6151230G
354,Margaretha Kolin,mkolin9t@google.ru,9336494084,Y0375885Y
355,Glori Oluwatoyin,goluwatoyin9u@hp.com,7256160654,F2029723G
356,Jonah Brignell,jbrignell9v@mac.com,2512631721,F7256639U
357,Rollins Adolphine,radolphine9w@independent.co.uk,6046673992,E2957618Y
358,Kirby Peto,kpeto9x@sun.com,7546436030,S2973629S
359,Aleda Ondrasek,aondrasek9y@hubpages.com,8905922349,D3609110F
360,Albrecht Dehn,adehn9z@dion.ne.jp,3847215051,B1984488S
361,Ebony Stroband,estrobanda0@constantcontact.com,5009350478,C8341836Q
362,Eleen Bison,ebisona1@chron.com,8518728377,O5163259Q
363,Clemmy Seaborn,cseaborna2@wunderground.com,1758111696,J9993222H
364,Blinni Parsley,bparsleya3@meetup.com,2484874721,T4717930O
365,Bary Jeannon,bjeannona4@gmpg.org,7418088911,Z6671476I
366,Steffi Orkney,sorkneya5@moonfruit.com,2304853038,I6051868F
367,Susanna Turnbull,sturnbulla6@wufoo.com,8976695831,B4820284T
368,Kalindi Cattach,kcattacha7@prnewswire.com,6424863112,B6917130C
369,Valentino Colvine,vcolvinea8@artisteer.com,9327973787,R4989028W
370,Orelee Pietri,opietria9@free.fr,8384552108,L8230928G
371,Percy Hargraves,phargravesaa@marketwatch.com,1476476322,Y8221443P
372,Ardeen Tench,atenchab@gnu.org,5785677859,M3977560B
373,Buddy Setter,bsetterac@phpbb.com,3106533098,Z4676038J
374,Margarethe Thaine,mthainead@washington.edu,8036555367,L3136476E
375,Ravid Dabner,rdabnerae@tinyurl.com,1653577805,D1056217J
376,Cornela Wildgoose,cwildgooseaf@mit.edu,5309503010,A6034146N
377,Phil Bulstrode,pbulstrodeag@wikispaces.com,7953557382,T1160647K
378,Wilie Fitzroy,wfitzroyah@archive.org,4325631140,S3593615N
379,Kerwin Tupper,ktupperai@dailymail.co.uk,9435259586,V0104535J
380,Laure Loges,llogesaj@unicef.org,8903557316,E3427089F
381,Humberto Bouch,hbouchak@huffingtonpost.com,2403138021,Z1565070O
382,Breena Pineaux,bpineauxal@youku.com,1195327317,S9986077U
383,Curtice Brind,cbrindam@sohu.com,9718504125,P2637630Y
384,Sharron Kynston,skynstonan@unesco.org,5073181186,P8551181U
385,Yul Ashman,yashmanao@dot.gov,2312305288,A0140664O
386,Kira Cotilard,kcotilardap@yellowpages.com,3237754799,T2561184M
387,Constantine Bilham,cbilhamaq@ow.ly,1622619895,S8996224Q
388,Codi Gimert,cgimertar@amazon.de,7081720741,W4857342U
389,Ferdinanda Messum,fmessumas@bing.com,3581977295,E4490504U
390,Fayette Agius,fagiusat@exblog.jp,4735508511,G7807309E
391,Rock McGillicuddy,rmcgillicuddyau@tuttocitta.it,1262775606,C4441056W
392,Herby Gartland,hgartlandav@purevolume.com,3501962981,T9422672O
393,Leoine Enderlein,lenderleinaw@acquirethisname.com,4296274677,D6700482V
394,Isidor Tellett,itellettax@soup.io,7421282790,I3767017X
395,Colas Pether,cpetheray@moonfruit.com,3492146365,M5129900S
396,Marilee Shreenan,mshreenanaz@bizjournals.com,8786988032,B9285590B
397,Markos Terzi,mterzib0@shop-pro.jp,9282007667,Q3316722G
398,Stephanie Prowting,sprowtingb1@etsy.com,7736539325,H8359924V
399,Courtnay Felton,cfeltonb2@ibm.com,2268412705,F5137334Y
400,Francene McCotter,fmccotterb3@wp.com,1489658560,Y5712690V
401,Pietro Garrud,pgarrudb4@ucoz.ru,4255305925,W7941798O
402,Esme Farryan,efarryanb5@privacy.gov.au,7462380049,B7292161E
403,Gill Llewhellin,gllewhellinb6@youtu.be,6066486496,A8799052Q
404,Nelie Wallicker,nwallickerb7@facebook.com,5426209969,X1853553Q
405,Danie Clemence,dclemenceb8@blogger.com,1126703293,E0877649F
406,Tris Williscroft,twilliscroftb9@clickbank.net,1766550558,S8178435M
407,Hedy Gallegos,hgallegosba@skyrock.com,3309704144,U2545861S
408,Juli Goodrum,jgoodrumbb@prnewswire.com,2821897457,H9743376W
409,Ernestus Moncreiffe,emoncreiffebc@engadget.com,3466821233,P1625149J
410,Krysta Kirkby,kkirkbybd@i2i.jp,8661431199,K0510315W
411,Ignatius Steger,istegerbe@stanford.edu,6009104362,F4835717Y
412,Liam Simao,lsimaobf@zimbio.com,5321355357,U6472786R
413,Micky Avramov,mavramovbg@craigslist.org,5206910154,L8071454U
414,Ashlie Quinnelly,aquinnellybh@123-reg.co.uk,1821257390,T6725528W
415,Kathryn Naris,knarisbi@linkedin.com,3416848724,Y2932068S
416,Hagen Whitehorne,hwhitehornebj@zimbio.com,4768460217,I4093864D
417,Consalve Mannin,cmanninbk@pbs.org,5366493238,R7847015C
418,Papagena Chater,pchaterbl@baidu.com,2021598708,N7608322Z
419,Lorilyn Merali,lmeralibm@nsw.gov.au,5731442950,L5523524A
420,Truda Klassmann,tklassmannbn@homestead.com,6733812983,E1364858Z
421,Josephina Androli,jandrolibo@livejournal.com,5795823741,F8501075N
422,Griffy Grishechkin,ggrishechkinbp@mozilla.org,5417154207,I9040355P
423,Wat Whiteoak,wwhiteoakbq@netvibes.com,6272454199,S0595665Y
424,Townie Brittian,tbrittianbr@hc360.com,3066111371,H0093526Z
425,Brendis Lockier,blockierbs@howstuffworks.com,7232435996,J7533480L
426,Leslie Dolley,ldolleybt@vistaprint.com,4809636281,B1604190E
427,Margalo Wickstead,mwicksteadbu@theatlantic.com,2125317412,H4357158W
428,Rosene Verbeek,rverbeekbv@trellian.com,5822196417,A1555342E
429,Doll Dimitriades,ddimitriadesbw@usda.gov,8558047367,I8505053F
430,Reese Sumpner,rsumpnerbx@umn.edu,2539465661,D6582015O
431,Gwyn Tousey,gtouseyby@free.fr,6795190085,W7036788N
432,Perry Mongain,pmongainbz@pcworld.com,8921548212,C5767085H
433,Palmer Wakelam,pwakelamc0@google.co.jp,7144216128,X7065550H
434,Tammi O' Concannon,toc1@opensource.org,9453450688,R4840278M
435,Corrina Grayshan,cgrayshanc2@squidoo.com,8866012960,J5581821R
436,Kendal Mustoo,kmustooc3@ucsd.edu,8846019295,I0913544C
437,Westbrook Skahill,wskahillc4@godaddy.com,2884355718,B6334516O
438,Geno Radage,gradagec5@marketwatch.com,3425022807,Z2092619I
439,Zach Lemasney,zlemasneyc6@newyorker.com,5427963005,J7880012D
440,Lorie Desbrow,ldesbrowc7@washingtonpost.com,6647178559,I8155694A
441,Jordain Lanfranchi,jlanfranchic8@ox.ac.uk,2932821928,E5025803C
442,Sharron Fairbourn,sfairbournc9@mapquest.com,3304051621,T3248522G
443,Morgen McAlees,mmcaleesca@theglobeandmail.com,1377560860,M7426996C
444,Kristopher Leaney,kleaneycb@wix.com,5343234290,M2883259P
445,Lynette Cumbers,lcumberscc@jiathis.com,4836989022,F5059954A
446,Forester Kohring,fkohringcd@dropbox.com,3317799112,J5562522F
447,Alan Clotworthy,aclotworthyce@amazon.co.jp,4055904725,C2731801P
448,Belita Dabels,bdabelscf@fotki.com,3036394100,F9059629C
449,Roxie Gillman,rgillmancg@vkontakte.ru,5941303164,E4241662Q
450,Bartholomeus McMychem,bmcmychemch@marriott.com,6485634490,T6979900D
451,Guglielma Merwood,gmerwoodci@ifeng.com,6497340453,T8141915Q
452,Chrysa Pickworth,cpickworthcj@hibu.com,5639278289,V2532222L
453,Marne Hele,mheleck@businesswire.com,3009609023,R7639081Z
454,Janel Lugard,jlugardcl@mayoclinic.com,4135115547,P0389185K
455,Nancey Tropman,ntropmancm@issuu.com,8541757320,Z6898786Q
456,Elianora Coad,ecoadcn@shareasale.com,9275315005,W9829031O
457,Danielle Walling,dwallingco@smugmug.com,5022271924,S6157671F
458,Edyth Gogie,egogiecp@virginia.edu,7364589496,K8035018N
459,Etta Housen,ehousencq@gravatar.com,9385142535,E9068950N
460,Cristin Himsworth,chimsworthcr@163.com,2328827722,W8232293L
461,Hope Stapells,hstapellscs@ucoz.com,8658382597,K6495767T
462,Pippa Rooksby,prooksbyct@squidoo.com,6183254137,O9660692P
463,Ernestus Marchi,emarchicu@forbes.com,3316316006,K1329986P
464,Ennis McKinnon,emckinnoncv@issuu.com,9723570930,S5549142X
465,Franni Sinson,fsinsoncw@plala.or.jp,5223176251,N4214291Z
466,Yorker Mandy,ymandycx@nps.gov,9515419498,K9008906T
467,Marena Warke,mwarkecy@vk.com,7379839638,O7532120G
468,Cicily Arrell,carrellcz@sciencedirect.com,3514758604,J6592295M
469,Guenna Gowrich,ggowrichd0@cbc.ca,4056586101,K1913444L
470,Lionello Driscoll,ldriscolld1@addtoany.com,4419177862,N6663938X
471,Lucias Faiers,lfaiersd2@mapquest.com,5031060678,V7055911O
472,Gordan Casetti,gcasettid3@goo.gl,8011088069,S8788098X
473,Almira Hussy,ahussyd4@google.pl,8473401890,U9411651L
474,Ines Symers,isymersd5@g.co,6953663417,D1393985T
475,Janek Schrei,jschreid6@rambler.ru,1199125722,S1135551S
476,Marie-ann Hoyer,mhoyerd7@howstuffworks.com,9556679077,G9875671U
477,Gawain Gergus,ggergusd8@privacy.gov.au,4206138084,W0499762N
478,Cloris Girdler,cgirdlerd9@businesswire.com,4153089894,N9298653G
479,Yettie Philipsson,yphilipssonda@creativecommons.org,3218113168,W0361732B
480,Rolf Andree,randreedb@bandcamp.com,3098258102,Z4235797M
481,Lyndel Marchello,lmarchellodc@bing.com,4635188405,P9837645H
482,Amii Bottinelli,abottinellidd@canalblog.com,7772015860,C1109430P
483,Valentina Bottle,vbottlede@google.fr,9376538067,W6238216W
484,Heidi Shilito,hshilitodf@addtoany.com,4885309614,F5592692G
485,Raffaello Fryers,rfryersdg@spiegel.de,7211137376,N8979226Q
486,Penelope Pitt,ppittdh@example.com,4833976358,F4739206T
487,Yasmin Stempe,ystempedi@google.co.uk,4644493290,A2453500C
488,Karilynn MacKain,kmackaindj@admin.ch,4142409630,B2692420L
489,Trixi McGhie,tmcghiedk@nps.gov,5606431585,V1960440W
490,Keen Henrionot,khenrionotdl@abc.net.au,8013706823,N2708548O
491,Marlon Davidou,mdavidoudm@trellian.com,1637707057,P9588990T
492,Fiann Hovey,fhoveydn@youtu.be,3479492798,C0980339V
493,Margarethe Bottrell,mbottrelldo@issuu.com,4533380750,T8286056D
494,Candice Elvy,celvydp@nytimes.com,8117600017,T1358905Q
495,Kendrick Geertsen,kgeertsendq@youtu.be,1258863652,U0621244A
496,Earl Oldroyd,eoldroyddr@rambler.ru,5543537391,W2036035B
497,Glyn Henryson,ghenrysonds@lulu.com,1797155523,U8315565E
498,Mitchel Krop,mkropdt@delicious.com,3065366572,F3545126W
499,Martynne Marham,mmarhamdu@addthis.com,6948805824,X7857935T
500,Dacie Shurmer,dshurmerdv@sogou.com,4266507744,C0845130H
